total_flows,anomalies,anomaly_rate,score_min,score_p01,score_median,score_p99,score_max
183630,1837,0.010003812013287589,-0.2061756847994332,-5.470858751373438e-17,0.2492422537278134,0.2788416199526165,0.2789799785205263
